id,class
train_00000,running
train_00001,running
train_00002,running
train_00003,walking
train_00004,running
train_00005,idle
train_00006,idle
train_00007,running
train_00008,running
train_00009,walking
train_00010,idle
train_00011,idle
train_00012,running
train_00013,running
train_00014,running
train_00015,running
train_00016,walking
train_00017,running
train_00018,walking
train_00019,walking
train_00020,running
train_00021,running
train_00022,running
train_00023,running
train_00024,running
train_00025,running
train_00026,running
train_00027,running
train_00028,running
train_00029,walking
train_00030,running
train_00031,running
train_00032,running
train_00033,running
train_00034,walking
train_00035,walking
train_00036,running
train_00037,idle
train_00038,walking
train_00039,running
train_00040,walking
train_00041,running
train_00042,walking
train_00043,running
train_00044,running
train_00045,walking
train_00046,idle
train_00047,running
train_00048,running
train_00049,running
train_00050,running
train_00051,walking
train_00052,running
train_00053,running
train_00054,idle
train_00055,walking
train_00056,walking
train_00057,idle
train_00058,idle
train_00059,walking
train_00060,walking
train_00061,running
train_00062,walking
train_00063,stairs
train_00064,running
train_00065,running
train_00066,walking
train_00067,walking
train_00068,running
train_00069,walking
train_00070,walking
train_00071,running
train_00072,running
train_00073,running
train_00074,running
train_00075,running
train_00076,running
train_00077,running
train_00078,running
train_00079,walking
train_00080,running
train_00081,walking
train_00082,running
train_00083,running
train_00084,walking
train_00085,walking
train_00086,walking
train_00087,running
train_00088,running
train_00089,idle
train_00090,walking
train_00091,running
train_00092,idle
train_00093,idle
train_00094,running
train_00095,running
train_00096,running
train_00097,walking
train_00098,running
train_00099,running
train_00100,running
train_00101,running
train_00102,running
train_00103,running
train_00104,running
train_00105,stairs
train_00106,running
train_00107,running
train_00108,running
train_00109,running
train_00110,running
train_00111,walking
train_00112,running
train_00113,running
train_00114,running
train_00115,walking
train_00116,running
train_00117,idle
train_00118,running
train_00119,running
train_00120,running
train_00121,walking
train_00122,walking
train_00123,running
train_00124,running
train_00125,idle
train_00126,idle
train_00127,running
train_00128,running
train_00129,running
train_00130,running
train_00131,walking
train_00132,idle
train_00133,running
train_00134,running
train_00135,running
train_00136,idle
train_00137,walking
train_00138,walking
train_00139,running
train_00140,walking
train_00141,running
train_00142,walking
train_00143,running
train_00144,running
train_00145,walking
train_00146,walking
train_00147,idle
train_00148,idle
train_00149,walking
train_00150,running
train_00151,running
train_00152,running
train_00153,walking
train_00154,running
train_00155,running
train_00156,idle
train_00157,running
train_00158,running
train_00159,walking
train_00160,running
train_00161,running
train_00162,running
train_00163,walking
train_00164,walking
train_00165,running
train_00166,running
train_00167,running
train_00168,walking
train_00169,running
train_00170,running
train_00171,running
train_00172,walking
train_00173,running
train_00174,walking
train_00175,running
train_00176,idle
train_00177,walking
train_00178,running
train_00179,running
train_00180,running
train_00181,running
train_00182,running
train_00183,running
train_00184,running
train_00185,walking
train_00186,running
train_00187,running
train_00188,walking
train_00189,walking
train_00190,idle
train_00191,walking
train_00192,walking
train_00193,walking
train_00194,running
train_00195,running
train_00196,idle
train_00197,running
train_00198,running
train_00199,running
train_00200,running
train_00201,walking
train_00202,running
train_00203,walking
train_00204,walking
train_00205,running
train_00206,walking
train_00207,walking
train_00208,running
train_00209,walking
train_00210,running
train_00211,running
train_00212,idle
train_00213,running
train_00214,running
train_00215,idle
train_00216,walking
train_00217,walking
train_00218,running
train_00219,running
train_00220,running
train_00221,walking
train_00222,walking
train_00223,running
train_00224,running
train_00225,running
train_00226,walking
train_00227,idle
train_00228,running
train_00229,running
train_00230,idle
train_00231,running
train_00232,running
train_00233,running
train_00234,idle
train_00235,running
train_00236,walking
train_00237,idle
train_00238,running
train_00239,walking
train_00240,running
train_00241,idle
train_00242,running
train_00243,walking
train_00244,idle
train_00245,idle
train_00246,running
train_00247,running
train_00248,running
train_00249,walking
train_00250,running
train_00251,running
train_00252,idle
train_00253,walking
train_00254,running
train_00255,running
train_00256,walking
train_00257,idle
train_00258,running
train_00259,walking
train_00260,running
train_00261,walking
train_00262,walking
train_00263,running
train_00264,running
train_00265,walking
train_00266,running
train_00267,running
train_00268,idle
train_00269,running
train_00270,idle
train_00271,stairs
train_00272,running
train_00273,running
train_00274,running
train_00275,walking
train_00276,running
train_00277,running
train_00278,walking
train_00279,walking
train_00280,walking
train_00281,walking
train_00282,idle
train_00283,running
train_00284,running
train_00285,idle
train_00286,running
train_00287,running
train_00288,idle
train_00289,running
train_00290,walking
train_00291,walking
train_00292,running
train_00293,running
train_00294,running
train_00295,stairs
train_00296,idle
train_00297,running
train_00298,running
train_00299,idle
train_00300,running
train_00301,walking
train_00302,running
train_00303,running
train_00304,running
train_00305,walking
train_00306,running
train_00307,running
train_00308,walking
train_00309,running
train_00310,idle
train_00311,running
train_00312,running
train_00313,running
train_00314,running
train_00315,walking
train_00316,running
train_00317,running
train_00318,walking
train_00319,running
train_00320,running
train_00321,walking
train_00322,running
train_00323,running
train_00324,running
train_00325,idle
train_00326,running
train_00327,running
train_00328,walking
train_00329,running
train_00330,running
train_00331,walking
train_00332,running
train_00333,running
train_00334,walking
train_00335,walking
train_00336,walking
train_00337,running
train_00338,stairs
train_00339,running
train_00340,walking
train_00341,running
train_00342,walking
train_00343,running
train_00344,walking
train_00345,running
train_00346,walking
train_00347,running
train_00348,running
train_00349,walking
train_00350,running
train_00351,idle
train_00352,running
train_00353,walking
train_00354,running
train_00355,walking
train_00356,running
train_00357,walking
train_00358,running
train_00359,running
train_00360,running
train_00361,running
train_00362,running
train_00363,running
train_00364,idle
train_00365,idle
train_00366,running
train_00367,running
train_00368,running
train_00369,running
train_00370,walking
train_00371,idle
train_00372,running
train_00373,walking
train_00374,running
train_00375,walking
train_00376,running
train_00377,walking
train_00378,running
train_00379,running
train_00380,running
train_00381,running
train_00382,walking
train_00383,walking
train_00384,idle
train_00385,idle
train_00386,walking
train_00387,running
train_00388,running
train_00389,walking
train_00390,walking
train_00391,running
train_00392,running
train_00393,idle
train_00394,running
train_00395,walking
train_00396,walking
train_00397,running
train_00398,running
train_00399,idle
train_00400,walking
train_00401,walking
train_00402,running
train_00403,walking
train_00404,running
train_00405,running
train_00406,idle
train_00407,running
train_00408,running
train_00409,walking
train_00410,walking
train_00411,running
train_00412,walking
train_00413,running
train_00414,idle
train_00415,running
train_00416,idle
train_00417,walking
train_00418,walking
train_00419,walking
train_00420,walking
train_00421,running
train_00422,running
train_00423,running
train_00424,idle
train_00425,running
train_00426,running
train_00427,running
train_00428,running
train_00429,walking
train_00430,running
train_00431,running
train_00432,running
train_00433,walking
train_00434,running
train_00435,idle
train_00436,running
train_00437,running
train_00438,idle
train_00439,idle
train_00440,walking
train_00441,idle
train_00442,walking
train_00443,idle
train_00444,walking
train_00445,running
train_00446,running
train_00447,running
train_00448,walking
train_00449,idle
train_00450,walking
train_00451,walking
train_00452,running
train_00453,walking
train_00454,running
train_00455,walking
train_00456,idle
train_00457,idle
train_00458,running
train_00459,walking
train_00460,running
train_00461,walking
train_00462,running
train_00463,running
train_00464,idle
train_00465,running
train_00466,running
train_00467,running
train_00468,running
train_00469,walking
train_00470,running
train_00471,idle
train_00472,running
train_00473,idle
train_00474,idle
train_00475,idle
train_00476,running
train_00477,running
train_00478,running
train_00479,walking
train_00480,running
train_00481,walking
train_00482,running
train_00483,running
train_00484,idle
train_00485,running
train_00486,running
train_00487,running
train_00488,running
train_00489,running
train_00490,running
train_00491,stairs
train_00492,walking
train_00493,running
train_00494,running
train_00495,walking
train_00496,running
train_00497,running
train_00498,idle
train_00499,idle
train_00500,running
train_00501,walking
train_00502,walking
train_00503,walking
train_00504,running
train_00505,running
train_00506,running
train_00507,running
train_00508,walking
train_00509,running
train_00510,running
train_00511,running
train_00512,idle
train_00513,idle
train_00514,walking
train_00515,running
train_00516,walking
train_00517,running
train_00518,idle
train_00519,running
train_00520,idle
train_00521,running
train_00522,running
train_00523,running
train_00524,running
train_00525,walking
train_00526,walking
train_00527,running
train_00528,running
train_00529,running
train_00530,walking
train_00531,running
train_00532,walking
train_00533,idle
train_00534,walking
train_00535,idle
train_00536,running
train_00537,walking
train_00538,running
train_00539,running
train_00540,running
train_00541,running
train_00542,idle
train_00543,idle
train_00544,running
train_00545,walking
train_00546,running
train_00547,running
train_00548,idle
train_00549,running
train_00550,stairs
train_00551,running
train_00552,running
train_00553,stairs
train_00554,walking
train_00555,running
train_00556,walking
train_00557,walking
train_00558,running
train_00559,running
train_00560,idle
train_00561,walking
train_00562,walking
train_00563,idle
train_00564,running
train_00565,idle
train_00566,running
train_00567,running
train_00568,running
train_00569,idle
train_00570,walking
train_00571,running
train_00572,running
train_00573,running
train_00574,running
train_00575,running
train_00576,running
train_00577,running
train_00578,walking
train_00579,running
train_00580,idle
train_00581,walking
train_00582,running
train_00583,idle
train_00584,walking
train_00585,walking
train_00586,walking
train_00587,walking
train_00588,walking
train_00589,running
train_00590,running
train_00591,running
train_00592,idle
train_00593,walking
train_00594,walking
train_00595,running
train_00596,walking
train_00597,walking
train_00598,running
train_00599,running
train_00600,walking
train_00601,stairs
train_00602,idle
train_00603,idle
train_00604,idle
train_00605,walking
train_00606,running
train_00607,walking
train_00608,running
train_00609,walking
train_00610,running
train_00611,walking
train_00612,running
train_00613,walking
train_00614,running
train_00615,running
train_00616,running
train_00617,walking
train_00618,running
train_00619,running
train_00620,idle
train_00621,running
train_00622,running
train_00623,running
train_00624,running
train_00625,walking
train_00626,running
train_00627,running
train_00628,running
train_00629,walking
train_00630,running
train_00631,idle
train_00632,running
train_00633,idle
train_00634,walking
train_00635,walking
train_00636,running
train_00637,running
train_00638,running
train_00639,running
train_00640,walking
train_00641,walking
train_00642,running
train_00643,running
train_00644,walking
train_00645,walking
train_00646,walking
train_00647,walking
train_00648,running
train_00649,running
train_00650,running
train_00651,idle
train_00652,running
train_00653,running
train_00654,walking
train_00655,idle
train_00656,running
train_00657,running
train_00658,running
train_00659,running
train_00660,walking
train_00661,running
train_00662,running
train_00663,walking
train_00664,running
train_00665,idle
train_00666,walking
train_00667,running
train_00668,walking
train_00669,walking
train_00670,idle
train_00671,walking
train_00672,idle
train_00673,running
train_00674,walking
train_00675,walking
train_00676,running
train_00677,walking
train_00678,idle
train_00679,running
train_00680,walking
train_00681,idle
train_00682,walking
train_00683,running
train_00684,idle
train_00685,running
train_00686,walking
train_00687,running
train_00688,running
train_00689,idle
train_00690,walking
train_00691,stairs
train_00692,walking
train_00693,idle
train_00694,walking
train_00695,running
train_00696,idle
train_00697,idle
train_00698,walking
train_00699,running
train_00700,running
train_00701,running
train_00702,running
train_00703,running
train_00704,walking
train_00705,walking
train_00706,idle
train_00707,running
train_00708,idle
train_00709,running
train_00710,running
train_00711,running
train_00712,running
train_00713,running
train_00714,idle
train_00715,idle
train_00716,idle
train_00717,walking
train_00718,idle
train_00719,running
train_00720,running
train_00721,idle
train_00722,walking
train_00723,running
train_00724,running
train_00725,running
train_00726,running
train_00727,running
train_00728,running
train_00729,idle
train_00730,idle
train_00731,walking
train_00732,running
train_00733,running
train_00734,running
train_00735,running
train_00736,stairs
train_00737,walking
train_00738,running
train_00739,running
train_00740,running
train_00741,running
train_00742,idle
train_00743,idle
train_00744,running
train_00745,running
train_00746,running
train_00747,running
train_00748,idle
train_00749,running
train_00750,running
train_00751,running
train_00752,running
train_00753,idle
train_00754,running
train_00755,running
train_00756,idle
train_00757,idle
train_00758,idle
train_00759,running
train_00760,idle
train_00761,running
train_00762,idle
train_00763,running
train_00764,running
train_00765,running
train_00766,running
train_00767,running
train_00768,running
train_00769,running
train_00770,running
train_00771,walking
train_00772,idle
train_00773,running
train_00774,running
train_00775,running
train_00776,running
train_00777,running
train_00778,idle
train_00779,running
train_00780,idle
train_00781,running
train_00782,walking
train_00783,walking
train_00784,walking
train_00785,walking
train_00786,idle
train_00787,running
train_00788,running
train_00789,running
train_00790,running
train_00791,running
train_00792,idle
train_00793,running
train_00794,running
train_00795,running
train_00796,running
train_00797,idle
train_00798,walking
train_00799,running
train_00800,idle
train_00801,idle
train_00802,running
train_00803,idle
train_00804,running
train_00805,running
train_00806,running
train_00807,running
train_00808,running
train_00809,running
train_00810,running
train_00811,walking
train_00812,running
train_00813,running
train_00814,walking
train_00815,idle
train_00816,running
train_00817,idle
train_00818,walking
train_00819,running
train_00820,running
train_00821,running
train_00822,running
train_00823,running
train_00824,idle
train_00825,running
train_00826,running
train_00827,running
train_00828,running
train_00829,idle
train_00830,running
train_00831,running
train_00832,running
train_00833,running
train_00834,stairs
train_00835,walking
train_00836,walking
train_00837,walking
train_00838,idle
train_00839,running
train_00840,walking
train_00841,running
train_00842,running
train_00843,running
train_00844,walking
train_00845,idle
train_00846,walking
train_00847,running
train_00848,walking
train_00849,running
train_00850,running
train_00851,running
train_00852,walking
train_00853,idle
train_00854,walking
train_00855,running
train_00856,walking
train_00857,stairs
train_00858,running
train_00859,walking
train_00860,idle
train_00861,walking
train_00862,idle
train_00863,running
train_00864,idle
train_00865,running
train_00866,running
train_00867,walking
train_00868,running
train_00869,running
train_00870,running
train_00871,running
train_00872,walking
train_00873,running
train_00874,idle
train_00875,walking
train_00876,running
train_00877,walking
train_00878,running
train_00879,walking
train_00880,running
train_00881,running
train_00882,running
train_00883,running
train_00884,idle
train_00885,running
train_00886,running
train_00887,walking
train_00888,running
train_00889,running
train_00890,running
train_00891,running
train_00892,walking
train_00893,running
train_00894,running
train_00895,running
train_00896,running
train_00897,walking
train_00898,running
train_00899,running
train_00900,idle
train_00901,walking
train_00902,running
train_00903,running
train_00904,running
train_00905,walking
train_00906,walking
train_00907,running
train_00908,idle
train_00909,walking
train_00910,stairs
train_00911,running
train_00912,running
train_00913,walking
train_00914,idle
train_00915,walking
train_00916,idle
train_00917,running
train_00918,running
train_00919,running
train_00920,walking
train_00921,running
train_00922,running
train_00923,walking
train_00924,running
train_00925,walking
train_00926,running
train_00927,running
train_00928,running
train_00929,running
train_00930,running
train_00931,running
train_00932,running
train_00933,walking
train_00934,idle
train_00935,idle
train_00936,walking
train_00937,walking
train_00938,idle
train_00939,idle
train_00940,idle
train_00941,walking
train_00942,idle
train_00943,running
train_00944,running
train_00945,running
train_00946,running
train_00947,walking
train_00948,running
train_00949,running
train_00950,running
train_00951,running
train_00952,walking
train_00953,running
train_00954,running
train_00955,stairs
train_00956,running
train_00957,walking
train_00958,running
train_00959,idle
train_00960,running
train_00961,idle
train_00962,walking
train_00963,idle
train_00964,running
train_00965,running
train_00966,walking
train_00967,walking
train_00968,running
train_00969,running
train_00970,stairs
train_00971,running
train_00972,idle
train_00973,walking
train_00974,walking
train_00975,running
train_00976,running
train_00977,running
train_00978,idle
train_00979,running
train_00980,idle
train_00981,running
train_00982,running
train_00983,running
train_00984,running
train_00985,running
train_00986,walking
train_00987,walking
train_00988,running
train_00989,walking
train_00990,walking
train_00991,idle
train_00992,walking
train_00993,walking
train_00994,running
train_00995,running
train_00996,running
train_00997,walking
train_00998,running
train_00999,idle
train_01000,walking
train_01001,running
train_01002,running
train_01003,running
train_01004,running
train_01005,running
train_01006,running
train_01007,idle
train_01008,walking
train_01009,walking
train_01010,running
train_01011,running
train_01012,walking
train_01013,running
train_01014,idle
train_01015,running
train_01016,walking
train_01017,idle
train_01018,idle
train_01019,running
train_01020,running
train_01021,walking
train_01022,running
train_01023,idle
train_01024,walking
train_01025,walking
train_01026,idle
train_01027,running
train_01028,walking
train_01029,running
train_01030,running
train_01031,walking
train_01032,running
train_01033,walking
train_01034,idle
train_01035,running
train_01036,running
train_01037,running
train_01038,running
train_01039,running
train_01040,walking
train_01041,walking
train_01042,running
train_01043,running
train_01044,walking
train_01045,running
train_01046,running
train_01047,walking
train_01048,running
train_01049,idle
train_01050,walking
train_01051,walking
train_01052,running
train_01053,running
train_01054,running
train_01055,walking
train_01056,walking
train_01057,idle
train_01058,running
train_01059,walking
train_01060,walking
train_01061,running
train_01062,running
train_01063,running
train_01064,idle
train_01065,running
train_01066,idle
train_01067,idle
train_01068,walking
train_01069,running
train_01070,running
train_01071,walking
train_01072,idle
train_01073,idle
train_01074,idle
train_01075,idle
train_01076,running
train_01077,walking
train_01078,running
train_01079,running
train_01080,running
train_01081,walking
train_01082,walking
train_01083,running
train_01084,running
train_01085,running
train_01086,walking
train_01087,walking
train_01088,running
train_01089,walking
train_01090,running
train_01091,running
train_01092,running
train_01093,running
train_01094,idle
train_01095,walking
train_01096,walking
train_01097,running
train_01098,running
train_01099,running
train_01100,idle
train_01101,running
train_01102,walking
train_01103,running
train_01104,running
train_01105,idle
train_01106,walking
train_01107,walking
train_01108,running
train_01109,running
train_01110,running
train_01111,running
train_01112,running
train_01113,running
train_01114,idle
train_01115,walking
train_01116,running
train_01117,idle
train_01118,running
train_01119,running
train_01120,running
train_01121,walking
train_01122,running
train_01123,walking
train_01124,idle
train_01125,walking
train_01126,idle
train_01127,running
train_01128,running
train_01129,running
train_01130,walking
train_01131,running
train_01132,running
train_01133,walking
train_01134,running
train_01135,idle
train_01136,walking
train_01137,running
train_01138,running
train_01139,idle
train_01140,running
train_01141,walking
train_01142,walking
train_01143,running
train_01144,running
train_01145,stairs
train_01146,running
train_01147,walking
train_01148,running
train_01149,running
train_01150,running
train_01151,walking
train_01152,running
train_01153,idle
train_01154,running
train_01155,idle
train_01156,running
train_01157,walking
train_01158,running
train_01159,running
train_01160,idle
train_01161,running
train_01162,running
train_01163,running
train_01164,running
train_01165,idle
train_01166,running
train_01167,walking
train_01168,running
train_01169,running
train_01170,running
train_01171,walking
train_01172,running
train_01173,walking
train_01174,running
train_01175,walking
train_01176,running
train_01177,walking
train_01178,idle
train_01179,running
train_01180,walking
train_01181,walking
train_01182,running
train_01183,idle
train_01184,walking
train_01185,walking
train_01186,stairs
train_01187,idle
train_01188,running
train_01189,running
train_01190,running
train_01191,running
train_01192,idle
train_01193,idle
train_01194,walking
train_01195,running
train_01196,running
train_01197,stairs
train_01198,running
train_01199,running
train_01200,running
train_01201,walking
train_01202,walking
train_01203,running
train_01204,idle
train_01205,walking
train_01206,walking
train_01207,running
train_01208,running
train_01209,running
train_01210,running
train_01211,walking
train_01212,walking
train_01213,running
train_01214,idle
train_01215,idle
train_01216,running
train_01217,walking
train_01218,running
train_01219,stairs
train_01220,idle
train_01221,walking
train_01222,running
train_01223,idle
train_01224,walking
train_01225,stairs
train_01226,running
train_01227,running
train_01228,running
train_01229,running
train_01230,running
train_01231,idle
train_01232,running
train_01233,running
train_01234,walking
train_01235,stairs
train_01236,running
train_01237,running
train_01238,walking
train_01239,running
train_01240,running
train_01241,running
train_01242,walking
train_01243,running
train_01244,stairs
train_01245,running
train_01246,walking
train_01247,running
train_01248,idle
train_01249,running
train_01250,running
train_01251,running
train_01252,running
train_01253,running
train_01254,walking
train_01255,idle
train_01256,running
train_01257,walking
train_01258,walking
train_01259,walking
train_01260,running
train_01261,idle
train_01262,walking
train_01263,walking
train_01264,walking
train_01265,running
train_01266,idle
train_01267,running
train_01268,running
train_01269,running
train_01270,walking
train_01271,running
train_01272,stairs
train_01273,running
train_01274,running
train_01275,running
train_01276,walking
train_01277,running
train_01278,walking
train_01279,walking
train_01280,running
train_01281,running
train_01282,idle
train_01283,stairs
train_01284,walking
train_01285,running
train_01286,running
train_01287,running
train_01288,running
train_01289,running
train_01290,idle
train_01291,idle
train_01292,running
train_01293,walking
train_01294,running
train_01295,running
train_01296,running
train_01297,walking
train_01298,walking
train_01299,running
train_01300,walking
train_01301,walking
train_01302,running
train_01303,idle
train_01304,running
train_01305,idle
train_01306,running
train_01307,running
train_01308,running
train_01309,running
train_01310,running
train_01311,running
train_01312,running
train_01313,running
train_01314,idle
train_01315,walking
train_01316,running
train_01317,idle
train_01318,running
train_01319,walking
train_01320,idle
train_01321,running
train_01322,running
train_01323,walking
train_01324,running
train_01325,idle
train_01326,walking
train_01327,running
train_01328,running
train_01329,running
train_01330,walking
train_01331,idle
train_01332,walking
train_01333,running
train_01334,running
train_01335,walking
train_01336,walking
train_01337,running
train_01338,running
train_01339,walking
train_01340,stairs
train_01341,idle
train_01342,idle
train_01343,walking
train_01344,idle
train_01345,stairs
train_01346,running
train_01347,idle
train_01348,running
train_01349,running
train_01350,idle
train_01351,walking
train_01352,running
train_01353,walking
train_01354,running
train_01355,running
train_01356,walking
train_01357,walking
train_01358,running
train_01359,idle
train_01360,running
train_01361,walking
train_01362,idle
train_01363,walking
train_01364,walking
train_01365,running
train_01366,idle
train_01367,running
train_01368,walking
train_01369,walking
train_01370,running
train_01371,running
train_01372,idle
train_01373,walking
train_01374,walking
train_01375,walking
train_01376,running
train_01377,walking
train_01378,running
train_01379,running
train_01380,running
train_01381,running
train_01382,running
train_01383,walking
train_01384,walking
train_01385,running
train_01386,running
train_01387,walking
train_01388,running
train_01389,running
train_01390,running
train_01391,idle
train_01392,walking
train_01393,running
train_01394,running
train_01395,walking
train_01396,running
train_01397,running
train_01398,running
train_01399,running
train_01400,running
train_01401,walking
train_01402,running
train_01403,idle
train_01404,running
train_01405,stairs
train_01406,walking
train_01407,walking
train_01408,running
train_01409,running
train_01410,running
train_01411,idle
train_01412,running
train_01413,running
train_01414,walking
train_01415,running
train_01416,running
train_01417,walking
train_01418,idle
train_01419,running
train_01420,running
train_01421,idle
train_01422,walking
train_01423,idle
train_01424,running
train_01425,stairs
train_01426,walking
train_01427,running
train_01428,walking
train_01429,idle
train_01430,running
train_01431,idle
train_01432,stairs
train_01433,running
train_01434,running
train_01435,running
train_01436,walking
train_01437,stairs
train_01438,running
train_01439,running
train_01440,idle
train_01441,running
train_01442,walking
train_01443,running
train_01444,idle
train_01445,running
train_01446,walking
train_01447,running
train_01448,idle
train_01449,running
train_01450,walking
train_01451,stairs
train_01452,idle
train_01453,running
train_01454,walking
train_01455,running
train_01456,idle
train_01457,idle
train_01458,walking
train_01459,walking
train_01460,running
train_01461,idle
train_01462,running
train_01463,running
train_01464,running
train_01465,running
train_01466,running
train_01467,running
train_01468,idle
train_01469,running
train_01470,idle
train_01471,running
train_01472,running
train_01473,running
train_01474,running
train_01475,running
train_01476,stairs
train_01477,walking
train_01478,idle
train_01479,walking
train_01480,running
train_01481,idle
train_01482,idle
train_01483,running
train_01484,running
train_01485,running
train_01486,running
train_01487,walking
train_01488,walking
train_01489,running
train_01490,running
train_01491,walking
train_01492,idle
train_01493,walking
train_01494,idle
train_01495,walking
train_01496,walking
train_01497,stairs
train_01498,walking
train_01499,walking
train_01500,running
train_01501,running
train_01502,walking
train_01503,walking
train_01504,idle
train_01505,walking
train_01506,running
train_01507,walking
train_01508,idle
train_01509,running
train_01510,walking
train_01511,running
train_01512,walking
train_01513,running
train_01514,running
train_01515,running
train_01516,walking
train_01517,walking
train_01518,running
train_01519,walking
train_01520,walking
train_01521,running
train_01522,running
train_01523,running
train_01524,walking
train_01525,running
train_01526,running
train_01527,running
train_01528,running
train_01529,walking
train_01530,walking
train_01531,walking
train_01532,idle
train_01533,idle
train_01534,walking
train_01535,running
train_01536,running
train_01537,idle
train_01538,running
train_01539,running
train_01540,walking
train_01541,running
train_01542,running
train_01543,running
train_01544,running
train_01545,running
train_01546,idle
train_01547,idle
train_01548,idle
train_01549,walking
train_01550,walking
train_01551,walking
train_01552,idle
train_01553,idle
train_01554,idle
train_01555,walking
train_01556,running
train_01557,walking
train_01558,running
train_01559,running
train_01560,running
train_01561,running
train_01562,idle
train_01563,stairs
train_01564,running
train_01565,running
train_01566,walking
train_01567,walking
train_01568,running
train_01569,running
train_01570,running
train_01571,idle
train_01572,running
train_01573,walking
train_01574,idle
train_01575,walking
train_01576,running
train_01577,running
train_01578,running
train_01579,walking
train_01580,walking
train_01581,idle
train_01582,stairs
train_01583,walking
train_01584,running
train_01585,running
train_01586,running
train_01587,walking
train_01588,walking
train_01589,running
train_01590,running
train_01591,running
train_01592,running
train_01593,walking
train_01594,running
train_01595,walking
train_01596,running
train_01597,walking
train_01598,running
train_01599,running
train_01600,idle
train_01601,running
train_01602,running
train_01603,idle
train_01604,idle
train_01605,running
train_01606,running
train_01607,walking
train_01608,running
train_01609,running
train_01610,walking
train_01611,running
train_01612,walking
train_01613,walking
train_01614,walking
train_01615,idle
train_01616,walking
train_01617,idle
train_01618,idle
train_01619,walking
train_01620,idle
train_01621,idle
train_01622,running
train_01623,walking
train_01624,running
train_01625,walking
train_01626,walking
train_01627,idle
train_01628,walking
train_01629,running
train_01630,running
train_01631,walking
train_01632,walking
train_01633,running
train_01634,running
train_01635,running
train_01636,running
train_01637,running
train_01638,walking
train_01639,running
train_01640,running
train_01641,walking
train_01642,idle
train_01643,walking
train_01644,running
train_01645,stairs
train_01646,running
train_01647,running
train_01648,running
train_01649,idle
train_01650,walking
train_01651,walking
train_01652,running
train_01653,running
train_01654,running
train_01655,running
train_01656,running
train_01657,walking
train_01658,running
train_01659,walking
train_01660,running
train_01661,running
train_01662,walking
train_01663,walking
train_01664,idle
train_01665,running
train_01666,walking
train_01667,walking
train_01668,running
train_01669,walking
train_01670,running
train_01671,running
train_01672,running
train_01673,walking
train_01674,running
train_01675,idle
train_01676,running
train_01677,walking
train_01678,running
train_01679,running
train_01680,running
train_01681,walking
train_01682,walking
train_01683,running
train_01684,walking
train_01685,walking
train_01686,idle
train_01687,running
train_01688,idle
train_01689,running
train_01690,running
train_01691,running
train_01692,running
train_01693,walking
train_01694,walking
train_01695,running
train_01696,running
train_01697,running
train_01698,running
train_01699,idle
train_01700,walking
train_01701,stairs
train_01702,walking
train_01703,running
train_01704,running
train_01705,running
train_01706,running
train_01707,running
train_01708,running
train_01709,running
train_01710,running
train_01711,walking
train_01712,walking
train_01713,walking
train_01714,walking
train_01715,running
train_01716,running
train_01717,idle
train_01718,idle
train_01719,running
train_01720,idle
train_01721,idle
train_01722,running
train_01723,running
train_01724,running
train_01725,running
train_01726,idle
train_01727,walking
train_01728,idle
train_01729,running
train_01730,walking
train_01731,running
train_01732,running
train_01733,running
train_01734,running
train_01735,walking
train_01736,idle
train_01737,running
train_01738,running
train_01739,walking
train_01740,running
train_01741,running
train_01742,walking
train_01743,running
train_01744,idle
train_01745,walking
train_01746,running
train_01747,walking
train_01748,running
train_01749,idle
train_01750,running
train_01751,running
train_01752,running
train_01753,running
train_01754,idle
train_01755,walking
train_01756,walking
train_01757,walking
train_01758,idle
train_01759,walking
train_01760,running
train_01761,idle
train_01762,walking
train_01763,running
train_01764,idle
train_01765,running
train_01766,idle
train_01767,walking
train_01768,stairs
train_01769,walking
train_01770,running
train_01771,running
train_01772,stairs
train_01773,running
train_01774,walking
train_01775,running
train_01776,running
train_01777,walking
train_01778,idle
train_01779,running
train_01780,running
train_01781,walking
train_01782,running
train_01783,walking
train_01784,running
train_01785,walking
train_01786,running
train_01787,walking
train_01788,running
train_01789,walking
train_01790,running
train_01791,idle
train_01792,running
train_01793,running
train_01794,running
train_01795,running
train_01796,running
train_01797,idle
train_01798,running
train_01799,stairs
train_01800,running
train_01801,walking
train_01802,idle
train_01803,walking
train_01804,running
train_01805,running
train_01806,running
train_01807,idle
train_01808,walking
train_01809,running
train_01810,running
train_01811,walking
train_01812,running
train_01813,walking
train_01814,running
train_01815,running
train_01816,running
train_01817,running
train_01818,idle
train_01819,running
train_01820,running
train_01821,running
train_01822,idle
train_01823,walking
train_01824,walking
train_01825,idle
train_01826,walking
train_01827,idle
train_01828,walking
train_01829,running
train_01830,idle
train_01831,walking
train_01832,walking
train_01833,idle
train_01834,running
train_01835,running
train_01836,running
train_01837,walking
train_01838,running
train_01839,running
train_01840,idle
train_01841,idle
train_01842,running
train_01843,walking
train_01844,running
train_01845,walking
train_01846,running
train_01847,running
train_01848,walking
train_01849,running
train_01850,walking
train_01851,idle
train_01852,walking
train_01853,running
train_01854,running
train_01855,walking
train_01856,running
train_01857,running
train_01858,walking
train_01859,walking
train_01860,running
train_01861,running
train_01862,walking
train_01863,walking
train_01864,walking
train_01865,running
train_01866,idle
train_01867,running
train_01868,running
train_01869,running
train_01870,idle
train_01871,walking
train_01872,walking
train_01873,idle
train_01874,idle
train_01875,running
train_01876,walking
train_01877,walking
train_01878,running
train_01879,running
train_01880,walking
train_01881,running
train_01882,running
train_01883,walking
train_01884,walking
train_01885,idle
train_01886,running
train_01887,running
train_01888,idle
train_01889,running
train_01890,running
train_01891,running
train_01892,running
train_01893,running
train_01894,running
train_01895,running
train_01896,running
train_01897,idle
train_01898,running
train_01899,walking
train_01900,walking
train_01901,running
train_01902,walking
train_01903,running
train_01904,running
train_01905,running
train_01906,running
train_01907,idle
train_01908,idle
train_01909,running
train_01910,stairs
train_01911,running
train_01912,running
train_01913,running
train_01914,running
train_01915,running
train_01916,running
train_01917,idle
train_01918,walking
train_01919,running
train_01920,running
train_01921,walking
train_01922,running
train_01923,running
train_01924,walking
train_01925,walking
train_01926,running
train_01927,running
train_01928,walking
train_01929,running
train_01930,running
train_01931,idle
train_01932,running
train_01933,walking
train_01934,running
train_01935,running
train_01936,running
train_01937,running
train_01938,running
train_01939,running
train_01940,walking
train_01941,running
train_01942,walking
train_01943,running
train_01944,running
train_01945,running
train_01946,running
train_01947,stairs
train_01948,walking
train_01949,walking
train_01950,idle
train_01951,walking
train_01952,walking
train_01953,walking
train_01954,running
train_01955,running
train_01956,running
train_01957,running
train_01958,walking
train_01959,running
train_01960,running
train_01961,walking
train_01962,walking
train_01963,idle
train_01964,running
train_01965,running
train_01966,walking
train_01967,running
train_01968,running
train_01969,running
train_01970,running
train_01971,stairs
train_01972,walking
train_01973,running
train_01974,walking
train_01975,running
train_01976,walking
train_01977,running
train_01978,running
train_01979,idle
train_01980,walking
train_01981,walking
train_01982,running
train_01983,running
train_01984,running
train_01985,walking
train_01986,running
train_01987,running
train_01988,running
train_01989,idle
train_01990,running
train_01991,walking
train_01992,running
train_01993,walking
train_01994,walking
train_01995,running
train_01996,running
train_01997,idle
train_01998,walking
train_01999,running
train_02000,running
train_02001,running
train_02002,running
train_02003,walking
train_02004,running
train_02005,walking
train_02006,walking
train_02007,running
train_02008,running
train_02009,idle
train_02010,running
train_02011,idle
train_02012,running
train_02013,running
train_02014,idle
train_02015,walking
train_02016,walking
train_02017,running
train_02018,idle
train_02019,running
train_02020,running
train_02021,stairs
train_02022,running
train_02023,walking
train_02024,running
train_02025,running
train_02026,running
train_02027,running
train_02028,running
train_02029,running
train_02030,running
train_02031,walking
train_02032,walking
train_02033,running
train_02034,running
train_02035,walking
train_02036,stairs
train_02037,running
train_02038,stairs
train_02039,running
train_02040,walking
train_02041,running
train_02042,walking
train_02043,walking
train_02044,running
train_02045,running
train_02046,running
train_02047,running
train_02048,idle
train_02049,walking
train_02050,running
train_02051,running
train_02052,walking
train_02053,running
train_02054,running
train_02055,running
train_02056,running
train_02057,running
train_02058,running
train_02059,walking
train_02060,running
train_02061,idle
train_02062,running
train_02063,running
train_02064,running
train_02065,idle
train_02066,running
train_02067,idle
train_02068,running
train_02069,walking
train_02070,running
train_02071,running
train_02072,running
train_02073,running
train_02074,running
train_02075,running
train_02076,running
train_02077,running
train_02078,running
train_02079,idle
train_02080,running
train_02081,idle
train_02082,walking
train_02083,running
train_02084,idle
train_02085,running
train_02086,walking
train_02087,running
train_02088,idle
train_02089,running
train_02090,walking
train_02091,running
train_02092,running
train_02093,running
train_02094,walking
train_02095,running
train_02096,running
train_02097,walking
train_02098,stairs
train_02099,running
train_02100,walking
train_02101,walking
train_02102,running
train_02103,running
train_02104,running
train_02105,running
train_02106,running
train_02107,walking
train_02108,walking
train_02109,walking
train_02110,walking
train_02111,walking
train_02112,walking
train_02113,running
train_02114,walking
train_02115,running
train_02116,running
train_02117,running
train_02118,idle
train_02119,idle
train_02120,running
train_02121,idle
train_02122,running
train_02123,walking
train_02124,running
train_02125,running
train_02126,running
train_02127,running
train_02128,walking
train_02129,walking
train_02130,running
train_02131,walking
train_02132,running
train_02133,idle
train_02134,idle
train_02135,running
train_02136,running
train_02137,walking
train_02138,running
train_02139,idle
train_02140,walking
train_02141,running
train_02142,walking
train_02143,walking
train_02144,running
train_02145,walking
train_02146,walking
train_02147,idle
train_02148,running
train_02149,running
train_02150,running
train_02151,running
train_02152,idle
train_02153,running
train_02154,walking
train_02155,walking
train_02156,walking
train_02157,walking
train_02158,running
train_02159,running
train_02160,running
train_02161,running
train_02162,idle
train_02163,walking
train_02164,running
train_02165,idle
train_02166,walking
train_02167,idle
train_02168,running
train_02169,walking
train_02170,running
train_02171,stairs
train_02172,idle
train_02173,walking
train_02174,running
train_02175,walking
train_02176,idle
train_02177,walking
train_02178,running
train_02179,running
train_02180,running
train_02181,running
train_02182,walking
train_02183,running
train_02184,running
train_02185,running
train_02186,walking
train_02187,walking
train_02188,idle
train_02189,running
train_02190,running
train_02191,running
train_02192,walking
train_02193,walking
train_02194,running
train_02195,running
train_02196,running
train_02197,idle
train_02198,running
train_02199,running
train_02200,walking
train_02201,idle
train_02202,running
train_02203,walking
train_02204,running
train_02205,walking
train_02206,walking
train_02207,running
train_02208,idle
train_02209,idle
train_02210,running
train_02211,idle
train_02212,running
train_02213,running
train_02214,running
train_02215,running
train_02216,walking
train_02217,running
train_02218,walking
train_02219,running
train_02220,walking
train_02221,idle
train_02222,walking
train_02223,running
train_02224,running
train_02225,running
train_02226,running
train_02227,running
train_02228,running
train_02229,running
train_02230,walking
train_02231,walking
train_02232,walking
train_02233,running
train_02234,running
train_02235,running
train_02236,running
train_02237,idle
train_02238,running
train_02239,walking
train_02240,walking
train_02241,running
train_02242,running
train_02243,running
train_02244,idle
train_02245,running
train_02246,walking
train_02247,walking
train_02248,running
train_02249,running
train_02250,idle
train_02251,running
train_02252,walking
train_02253,walking
train_02254,running
train_02255,running
train_02256,running
train_02257,running
train_02258,running
train_02259,running
train_02260,running
train_02261,walking
train_02262,running
train_02263,running
train_02264,running
train_02265,running
train_02266,idle
train_02267,running
train_02268,walking
train_02269,running
train_02270,walking
train_02271,running
train_02272,idle
train_02273,running
train_02274,running
train_02275,running
train_02276,running
train_02277,running
train_02278,running
train_02279,idle
train_02280,running
train_02281,walking
train_02282,running
train_02283,running
train_02284,running
train_02285,stairs
train_02286,running
train_02287,running
train_02288,walking
train_02289,walking
train_02290,running
train_02291,walking
train_02292,walking
train_02293,walking
train_02294,running
train_02295,walking
train_02296,running
train_02297,running
train_02298,walking
train_02299,walking
train_02300,walking
train_02301,walking
train_02302,idle
train_02303,running
train_02304,walking
train_02305,walking
train_02306,running
train_02307,running
train_02308,running
train_02309,idle
train_02310,running
train_02311,running
train_02312,running
train_02313,walking
train_02314,walking
train_02315,running
train_02316,running
train_02317,running
train_02318,walking
train_02319,running
train_02320,running
train_02321,idle
train_02322,idle
train_02323,running
train_02324,idle
train_02325,running
train_02326,running
train_02327,running
train_02328,running
train_02329,walking
train_02330,walking
train_02331,walking
train_02332,running
train_02333,running
train_02334,walking
train_02335,idle
train_02336,walking
train_02337,running
train_02338,running
train_02339,walking
train_02340,running
train_02341,walking
train_02342,idle
train_02343,running
train_02344,running
train_02345,running
train_02346,walking
train_02347,walking
train_02348,stairs
train_02349,idle
train_02350,running
train_02351,idle
train_02352,walking
train_02353,idle
train_02354,running
train_02355,idle
train_02356,walking
train_02357,running
train_02358,walking
train_02359,idle
train_02360,running
train_02361,running
train_02362,idle
train_02363,running
train_02364,walking
train_02365,walking
train_02366,walking
train_02367,walking
train_02368,running
train_02369,walking
train_02370,running
train_02371,stairs
train_02372,running
train_02373,running
train_02374,idle
train_02375,running
train_02376,walking
train_02377,idle
train_02378,running
train_02379,walking
train_02380,idle
train_02381,running
train_02382,running
train_02383,running
train_02384,walking
train_02385,running
train_02386,running
train_02387,running
train_02388,stairs
train_02389,running
train_02390,running
train_02391,running
train_02392,stairs
train_02393,running
train_02394,running
train_02395,walking
train_02396,running
train_02397,stairs
train_02398,running
train_02399,running
train_02400,walking
train_02401,running
train_02402,walking
train_02403,idle
train_02404,running
train_02405,idle
train_02406,walking
train_02407,running
train_02408,idle
train_02409,running
train_02410,running
train_02411,running
train_02412,walking
train_02413,walking
train_02414,running
train_02415,running
train_02416,walking
train_02417,running
train_02418,running
train_02419,walking
train_02420,running
train_02421,walking
train_02422,running
train_02423,running
train_02424,running
train_02425,walking
train_02426,running
train_02427,running
train_02428,idle
train_02429,running
train_02430,idle
train_02431,running
train_02432,walking
train_02433,running
train_02434,stairs
train_02435,walking
train_02436,running
train_02437,running
train_02438,idle
train_02439,walking
train_02440,idle
train_02441,walking
train_02442,running
train_02443,walking
train_02444,running
train_02445,running
train_02446,walking
train_02447,idle
train_02448,running
train_02449,running
train_02450,running
train_02451,running
train_02452,idle
train_02453,running
train_02454,running
train_02455,running
train_02456,idle
train_02457,running
train_02458,stairs
train_02459,running
train_02460,running
train_02461,walking
train_02462,walking
train_02463,running
train_02464,idle
train_02465,running
train_02466,running
train_02467,idle
train_02468,walking
train_02469,walking
train_02470,running
train_02471,walking
train_02472,running
train_02473,walking
train_02474,running
train_02475,running
train_02476,walking
train_02477,running
train_02478,walking
train_02479,idle
train_02480,running
train_02481,running
train_02482,idle
train_02483,stairs
train_02484,walking
train_02485,running
train_02486,walking
train_02487,walking
train_02488,running
train_02489,walking
train_02490,walking
train_02491,running
train_02492,walking
train_02493,running
train_02494,running
train_02495,idle
train_02496,running
train_02497,running
train_02498,walking
train_02499,idle
train_02500,walking
train_02501,walking
train_02502,running
train_02503,running
train_02504,walking
train_02505,idle
train_02506,running
train_02507,running
train_02508,walking
train_02509,running
train_02510,idle
train_02511,walking
train_02512,walking
train_02513,walking
train_02514,running
train_02515,walking
train_02516,walking
train_02517,idle
train_02518,walking
train_02519,walking
train_02520,running
train_02521,running
train_02522,idle
train_02523,stairs
train_02524,running
train_02525,running
train_02526,running
train_02527,walking
train_02528,walking
train_02529,idle
train_02530,running
train_02531,walking
train_02532,running
train_02533,running
train_02534,running
train_02535,running
train_02536,idle
train_02537,running
train_02538,running
train_02539,stairs
train_02540,walking
train_02541,idle
train_02542,running
train_02543,walking
train_02544,running
train_02545,running
train_02546,walking
train_02547,walking
train_02548,running
train_02549,running
train_02550,running
train_02551,running
train_02552,walking
train_02553,idle
train_02554,idle
train_02555,idle
train_02556,idle
train_02557,walking
train_02558,running
train_02559,walking
train_02560,running
train_02561,running
train_02562,idle
train_02563,running
train_02564,idle
train_02565,walking
train_02566,walking
train_02567,walking
train_02568,walking
train_02569,idle
train_02570,running
train_02571,walking
train_02572,running
train_02573,running
train_02574,running
train_02575,walking
train_02576,running
train_02577,running
train_02578,walking
train_02579,stairs
train_02580,idle
train_02581,running
train_02582,running
train_02583,walking
train_02584,running
train_02585,walking
train_02586,running
train_02587,running
train_02588,idle
train_02589,running
train_02590,running
train_02591,idle
train_02592,running
train_02593,idle
train_02594,idle
train_02595,walking
train_02596,running
train_02597,running
train_02598,running
train_02599,running
train_02600,walking
train_02601,walking
train_02602,running
train_02603,running
train_02604,stairs
train_02605,running
train_02606,running
train_02607,running
train_02608,running
train_02609,running
train_02610,running
train_02611,idle
train_02612,running
train_02613,running
train_02614,running
train_02615,walking
train_02616,running
train_02617,walking
train_02618,running
train_02619,idle
train_02620,running
train_02621,walking
train_02622,walking
train_02623,running
train_02624,walking
train_02625,idle
train_02626,walking
train_02627,running
train_02628,walking
train_02629,idle
train_02630,walking
train_02631,running
train_02632,walking
train_02633,walking
train_02634,running
train_02635,running
train_02636,running
train_02637,running
train_02638,running
train_02639,running
train_02640,walking
train_02641,running
train_02642,running
train_02643,walking
train_02644,idle
train_02645,running
train_02646,running
train_02647,running
train_02648,walking
train_02649,walking
train_02650,walking
train_02651,running
train_02652,walking
train_02653,running
train_02654,running
train_02655,running
train_02656,walking
train_02657,walking
train_02658,stairs
train_02659,running
train_02660,running
train_02661,walking
train_02662,running
train_02663,running
train_02664,walking
train_02665,running
train_02666,running
train_02667,running
train_02668,idle
train_02669,walking
train_02670,walking
train_02671,running
train_02672,walking
train_02673,walking
train_02674,walking
train_02675,running
train_02676,running
train_02677,walking
train_02678,idle
train_02679,running
train_02680,idle
train_02681,running
train_02682,running
train_02683,walking
train_02684,idle
train_02685,running
train_02686,running
train_02687,idle
train_02688,running
train_02689,running
train_02690,walking
train_02691,walking
train_02692,walking
train_02693,walking
train_02694,idle
train_02695,stairs
train_02696,running
train_02697,running
train_02698,running
train_02699,idle
train_02700,running
train_02701,idle
train_02702,running
train_02703,running
train_02704,idle
train_02705,walking
train_02706,running
train_02707,running
train_02708,idle
train_02709,running
train_02710,running
train_02711,running
train_02712,walking
train_02713,running
train_02714,walking
train_02715,idle
train_02716,walking
train_02717,walking
train_02718,walking
train_02719,running
train_02720,running
train_02721,running
train_02722,idle
train_02723,running
train_02724,running
train_02725,walking
train_02726,running
train_02727,walking
train_02728,running
train_02729,walking
train_02730,running
train_02731,running
train_02732,idle
train_02733,running
train_02734,running
train_02735,running
train_02736,walking
train_02737,walking
train_02738,walking
train_02739,running
train_02740,running
train_02741,running
train_02742,walking
train_02743,idle
train_02744,running
train_02745,running
train_02746,running
train_02747,idle
train_02748,running
train_02749,running
train_02750,running
train_02751,walking
train_02752,running
train_02753,running
train_02754,running
train_02755,walking
train_02756,running
train_02757,running
train_02758,running
train_02759,running
train_02760,running
train_02761,running
train_02762,running
train_02763,walking
train_02764,walking
train_02765,running
train_02766,walking
train_02767,idle
train_02768,running
train_02769,running
train_02770,running
train_02771,walking
train_02772,running
train_02773,walking
train_02774,running
train_02775,idle
train_02776,running
train_02777,running
train_02778,idle
train_02779,running
train_02780,running
train_02781,running
train_02782,walking
train_02783,running
train_02784,running
train_02785,walking
train_02786,walking
train_02787,stairs
train_02788,idle
train_02789,running
train_02790,walking
train_02791,running
train_02792,idle
train_02793,walking
train_02794,running
train_02795,running
train_02796,running
train_02797,walking
train_02798,running
train_02799,running
train_02800,walking
train_02801,running
train_02802,running
train_02803,running
train_02804,running
train_02805,running
train_02806,walking
train_02807,idle
train_02808,running
train_02809,walking
train_02810,running
train_02811,walking
train_02812,idle
train_02813,running
train_02814,running
train_02815,walking
train_02816,walking
train_02817,running
train_02818,running
train_02819,walking
train_02820,walking
train_02821,running
train_02822,stairs
train_02823,running
train_02824,running
train_02825,running
train_02826,idle
train_02827,walking
train_02828,running
train_02829,running
train_02830,running
train_02831,walking
train_02832,idle
train_02833,running
train_02834,running
train_02835,running
train_02836,running
train_02837,running
train_02838,walking
train_02839,running
train_02840,stairs
train_02841,running
train_02842,walking
train_02843,walking
train_02844,walking
train_02845,walking
train_02846,idle
train_02847,running
train_02848,running
train_02849,walking
train_02850,walking
train_02851,running
train_02852,walking
train_02853,idle
train_02854,idle
train_02855,running
train_02856,walking
train_02857,running
train_02858,running
train_02859,walking
train_02860,running
train_02861,walking
train_02862,running
train_02863,walking
train_02864,walking
train_02865,running
train_02866,running
train_02867,running
train_02868,idle
train_02869,running
train_02870,walking
train_02871,walking
train_02872,running
train_02873,idle
train_02874,walking
train_02875,running
train_02876,running
train_02877,idle
train_02878,running
train_02879,running
train_02880,running
train_02881,running
train_02882,idle
train_02883,walking
train_02884,idle
train_02885,walking
train_02886,walking
train_02887,walking
train_02888,running
train_02889,running
train_02890,walking
train_02891,walking
train_02892,walking
train_02893,walking
train_02894,walking
train_02895,walking
train_02896,walking
train_02897,running
train_02898,running
train_02899,running
train_02900,running
train_02901,running
train_02902,running
train_02903,running
train_02904,running
train_02905,walking
train_02906,running
train_02907,walking
train_02908,walking
train_02909,running
train_02910,idle
train_02911,idle
train_02912,walking
train_02913,idle
train_02914,walking
train_02915,walking
train_02916,running
train_02917,running
train_02918,running
train_02919,running
train_02920,running
train_02921,running
train_02922,running
train_02923,running
train_02924,running
train_02925,idle
train_02926,running
train_02927,running
train_02928,walking
train_02929,walking
train_02930,walking
train_02931,running
train_02932,walking
train_02933,idle
train_02934,idle
train_02935,running
train_02936,running
train_02937,walking
train_02938,running
train_02939,running
train_02940,running
train_02941,running
train_02942,idle
train_02943,running
train_02944,idle
train_02945,idle
train_02946,running
train_02947,running
train_02948,walking
train_02949,idle
train_02950,idle
train_02951,running
train_02952,walking
train_02953,running
train_02954,running
train_02955,running
train_02956,running
train_02957,walking
train_02958,walking
train_02959,running
train_02960,walking
train_02961,running
train_02962,walking
train_02963,walking
train_02964,running
train_02965,idle
train_02966,walking
train_02967,walking
train_02968,idle
train_02969,running
train_02970,idle
train_02971,walking
train_02972,running
train_02973,running
train_02974,walking
train_02975,idle
train_02976,running
train_02977,walking
train_02978,walking
train_02979,idle
train_02980,idle
train_02981,running
train_02982,running
train_02983,running
train_02984,running
train_02985,walking
train_02986,running
train_02987,walking
train_02988,running
train_02989,running
train_02990,running
train_02991,running
train_02992,running
train_02993,walking
train_02994,running
train_02995,idle
train_02996,idle
train_02997,running
train_02998,running
train_02999,stairs
train_03000,running
train_03001,walking
train_03002,walking
train_03003,walking
train_03004,running
train_03005,idle
train_03006,running
train_03007,running
train_03008,idle
train_03009,running
train_03010,running
train_03011,running
train_03012,idle
train_03013,stairs
train_03014,running
train_03015,idle
train_03016,walking
train_03017,idle
train_03018,walking
train_03019,running
train_03020,running
train_03021,walking
train_03022,idle
train_03023,running
train_03024,walking
train_03025,idle
train_03026,running
train_03027,running
train_03028,walking
train_03029,running
train_03030,walking
train_03031,walking
train_03032,idle
train_03033,running
train_03034,walking
train_03035,walking
train_03036,running
train_03037,running
train_03038,running
train_03039,running
train_03040,running
train_03041,running
train_03042,running
train_03043,walking
train_03044,running
train_03045,running
train_03046,walking
train_03047,walking
train_03048,walking
train_03049,walking
train_03050,running
train_03051,idle
train_03052,walking
train_03053,running
train_03054,walking
train_03055,running
train_03056,idle
train_03057,walking
train_03058,walking
train_03059,running
train_03060,idle
train_03061,walking
train_03062,walking
train_03063,idle
train_03064,walking
train_03065,running
train_03066,running
train_03067,idle
train_03068,running
train_03069,walking
train_03070,idle
train_03071,walking
train_03072,running
train_03073,running
train_03074,running
train_03075,idle
train_03076,running
train_03077,running
train_03078,running
train_03079,running
train_03080,running
train_03081,running
train_03082,running
train_03083,walking
train_03084,walking
train_03085,running
train_03086,idle
train_03087,walking
train_03088,running
train_03089,walking
train_03090,running
train_03091,running
train_03092,running
train_03093,walking
train_03094,running
train_03095,running
train_03096,running
train_03097,walking
train_03098,walking
train_03099,running
train_03100,walking
train_03101,running
train_03102,running
train_03103,walking
train_03104,running
train_03105,running
train_03106,running
train_03107,running
train_03108,running
train_03109,running
train_03110,walking
train_03111,running
train_03112,running
train_03113,idle
train_03114,idle
train_03115,walking
train_03116,walking
train_03117,running
train_03118,idle
train_03119,stairs
train_03120,stairs
train_03121,idle
train_03122,idle
train_03123,idle
train_03124,running
train_03125,running
train_03126,running
train_03127,running
train_03128,idle
train_03129,running
train_03130,running
train_03131,running
train_03132,walking
train_03133,walking
train_03134,running
train_03135,walking
train_03136,running
train_03137,idle
train_03138,running
train_03139,running
train_03140,idle
train_03141,stairs
train_03142,idle
train_03143,idle
train_03144,walking
train_03145,walking
train_03146,running
train_03147,idle
train_03148,running
train_03149,running
train_03150,running
train_03151,idle
train_03152,running
train_03153,running
train_03154,walking
train_03155,running
train_03156,walking
train_03157,running
train_03158,running
train_03159,running
train_03160,running
train_03161,running
train_03162,running
train_03163,walking
train_03164,walking
train_03165,walking
train_03166,running
train_03167,walking
train_03168,walking
train_03169,running
train_03170,running
train_03171,walking
train_03172,walking
train_03173,running
train_03174,running
train_03175,idle
train_03176,running
train_03177,idle
train_03178,walking
train_03179,idle
train_03180,running
train_03181,running
train_03182,running
train_03183,running
train_03184,walking
train_03185,idle
train_03186,running
train_03187,walking
train_03188,running
train_03189,running
train_03190,walking
train_03191,walking
train_03192,walking
train_03193,walking
train_03194,walking
train_03195,idle
train_03196,idle
train_03197,walking
train_03198,running
train_03199,idle
train_03200,walking
train_03201,running
train_03202,running
train_03203,running
train_03204,running
train_03205,idle
train_03206,stairs
train_03207,walking
train_03208,running
train_03209,walking
train_03210,walking
train_03211,idle
train_03212,running
train_03213,running
train_03214,idle
train_03215,running
train_03216,walking
train_03217,running
train_03218,running
train_03219,walking
train_03220,running
train_03221,walking
train_03222,walking
train_03223,running
train_03224,running
train_03225,walking
train_03226,running
train_03227,running
train_03228,running
train_03229,stairs
train_03230,idle
train_03231,running
train_03232,running
train_03233,running
train_03234,idle
train_03235,running
train_03236,walking
train_03237,running
train_03238,stairs
train_03239,running
train_03240,running
train_03241,running
train_03242,walking
train_03243,idle
train_03244,running
train_03245,running
train_03246,idle
train_03247,running
train_03248,walking
train_03249,running
train_03250,walking
train_03251,running
train_03252,walking
train_03253,running
train_03254,walking
train_03255,running
train_03256,idle
train_03257,running
train_03258,running
train_03259,walking
train_03260,stairs
train_03261,running
train_03262,idle
train_03263,running
train_03264,walking
train_03265,walking
train_03266,running
train_03267,stairs
train_03268,walking
train_03269,running
train_03270,walking
train_03271,idle
train_03272,running
train_03273,idle
train_03274,running
train_03275,running
train_03276,stairs
train_03277,running
train_03278,idle
train_03279,running
train_03280,walking
train_03281,running
train_03282,running
train_03283,running
train_03284,walking
train_03285,idle
train_03286,running
train_03287,running
train_03288,running
train_03289,running
train_03290,walking
train_03291,walking
train_03292,running
train_03293,running
train_03294,walking
train_03295,idle
train_03296,stairs
train_03297,walking
train_03298,running
train_03299,running
train_03300,running
train_03301,walking
train_03302,idle
train_03303,walking
train_03304,idle
train_03305,running
train_03306,running
train_03307,walking
train_03308,stairs
train_03309,running
train_03310,running
train_03311,running
train_03312,walking
train_03313,running
train_03314,walking
train_03315,walking
train_03316,running
train_03317,running
train_03318,running
train_03319,idle
train_03320,walking
train_03321,walking
train_03322,walking
train_03323,running
train_03324,running
train_03325,walking
train_03326,running
train_03327,running
train_03328,idle
train_03329,running
train_03330,walking
train_03331,running
train_03332,running
train_03333,walking
train_03334,idle
train_03335,running
train_03336,idle
train_03337,running
train_03338,running
train_03339,running
train_03340,walking
train_03341,walking
train_03342,walking
train_03343,running
train_03344,walking
train_03345,running
train_03346,walking
train_03347,running
train_03348,running
train_03349,idle
train_03350,running
train_03351,walking
train_03352,idle
train_03353,idle
train_03354,idle
train_03355,running
train_03356,running
train_03357,idle
train_03358,stairs
train_03359,idle
train_03360,walking
train_03361,idle
train_03362,running
train_03363,running
train_03364,running
train_03365,walking
train_03366,walking
train_03367,walking
train_03368,stairs
train_03369,running
train_03370,walking
train_03371,running
train_03372,running
train_03373,idle
train_03374,idle
train_03375,running
train_03376,walking
train_03377,walking
train_03378,walking
train_03379,walking
train_03380,walking
train_03381,walking
train_03382,walking
train_03383,walking
train_03384,walking
train_03385,walking
train_03386,idle
train_03387,walking
train_03388,running
train_03389,running
train_03390,walking
train_03391,idle
train_03392,idle
train_03393,running
train_03394,walking
train_03395,idle
train_03396,running
train_03397,walking
train_03398,walking
train_03399,walking
train_03400,running
train_03401,walking
train_03402,walking
train_03403,idle
train_03404,running
train_03405,running
train_03406,walking
train_03407,running
train_03408,walking
train_03409,running
train_03410,running
train_03411,idle
train_03412,idle
train_03413,walking
train_03414,running
train_03415,running
train_03416,idle
train_03417,walking
train_03418,running
train_03419,idle
train_03420,running
train_03421,running
train_03422,running
train_03423,walking
train_03424,walking
train_03425,idle
train_03426,walking
train_03427,idle
train_03428,running
train_03429,walking
train_03430,running
train_03431,walking
train_03432,idle
train_03433,idle
train_03434,walking
train_03435,running
train_03436,idle
train_03437,walking
train_03438,running
train_03439,running
train_03440,walking
train_03441,walking
train_03442,stairs
train_03443,idle
train_03444,running
train_03445,running
train_03446,walking
train_03447,running
train_03448,walking
train_03449,walking
train_03450,running
train_03451,running
train_03452,walking
train_03453,running
train_03454,idle
train_03455,running
train_03456,walking
train_03457,running
train_03458,running
train_03459,walking
train_03460,idle
train_03461,idle
train_03462,idle
train_03463,running
train_03464,running
train_03465,walking
train_03466,walking
train_03467,idle
train_03468,running
train_03469,running
train_03470,running
train_03471,running
train_03472,running
train_03473,running
train_03474,idle
train_03475,running
train_03476,walking
train_03477,running
train_03478,running
train_03479,running
train_03480,running
train_03481,running
train_03482,running
train_03483,running
train_03484,running
train_03485,idle
train_03486,running
train_03487,running
train_03488,walking
train_03489,running
train_03490,walking
train_03491,running
train_03492,walking
train_03493,running
train_03494,running
train_03495,idle
train_03496,running
train_03497,walking
train_03498,idle
train_03499,idle
train_03500,walking
train_03501,running
train_03502,idle
train_03503,running
train_03504,stairs
train_03505,running
train_03506,walking
train_03507,running
train_03508,running
train_03509,walking
train_03510,walking
train_03511,running
train_03512,running
train_03513,running
train_03514,running
train_03515,walking
train_03516,running
train_03517,running
train_03518,stairs
train_03519,running
train_03520,running
train_03521,running
train_03522,walking
train_03523,walking
train_03524,running
train_03525,walking
train_03526,running
train_03527,walking
train_03528,walking
train_03529,running
train_03530,running
train_03531,running
train_03532,running
train_03533,running
train_03534,running
train_03535,walking
train_03536,stairs
train_03537,walking
train_03538,running
train_03539,running
train_03540,walking
train_03541,walking
train_03542,running
train_03543,running
train_03544,running
train_03545,idle
train_03546,running
train_03547,running
train_03548,running
train_03549,stairs
train_03550,walking
train_03551,stairs
train_03552,idle
train_03553,running
train_03554,running
train_03555,walking
train_03556,running
train_03557,running
train_03558,running
train_03559,idle
train_03560,running
train_03561,running
train_03562,running
train_03563,running
train_03564,stairs
train_03565,running
train_03566,running
train_03567,running
train_03568,running
train_03569,walking
train_03570,running
train_03571,running
train_03572,running
train_03573,running
train_03574,running
train_03575,stairs
train_03576,running
train_03577,walking
train_03578,walking
train_03579,idle
train_03580,walking
train_03581,running
train_03582,running
train_03583,idle
train_03584,running
train_03585,running
train_03586,stairs
train_03587,running
train_03588,idle
train_03589,stairs
train_03590,running
train_03591,running
train_03592,running
train_03593,running
train_03594,walking
train_03595,running
train_03596,walking
train_03597,running
train_03598,walking
train_03599,idle
train_03600,running
train_03601,running
train_03602,walking
train_03603,idle
train_03604,walking
train_03605,walking
train_03606,running
train_03607,walking
train_03608,running
train_03609,running
train_03610,walking
train_03611,idle
train_03612,running
train_03613,running
train_03614,running
train_03615,running
train_03616,running
train_03617,running
train_03618,walking
train_03619,walking
train_03620,running
train_03621,running
train_03622,running
train_03623,running
train_03624,idle
train_03625,idle
train_03626,walking
train_03627,running
train_03628,running
train_03629,running
train_03630,idle
train_03631,idle
train_03632,walking
train_03633,running
train_03634,running
train_03635,running
train_03636,running
train_03637,running
train_03638,running
train_03639,idle
train_03640,running
train_03641,running
train_03642,running
train_03643,idle
train_03644,walking
train_03645,walking
train_03646,walking
train_03647,running
train_03648,running
train_03649,walking
train_03650,idle
train_03651,idle
train_03652,running
train_03653,walking
train_03654,running
train_03655,idle
train_03656,walking
train_03657,running
train_03658,running
train_03659,walking
train_03660,running
train_03661,running
train_03662,idle
train_03663,running
train_03664,walking
train_03665,walking
train_03666,walking
train_03667,walking
train_03668,running
train_03669,walking
train_03670,idle
train_03671,running
train_03672,running
train_03673,walking
train_03674,running
train_03675,running
train_03676,walking
train_03677,running
train_03678,walking
train_03679,stairs
train_03680,running
train_03681,running
train_03682,walking
train_03683,running
train_03684,idle
train_03685,idle
train_03686,walking
train_03687,walking
train_03688,idle
train_03689,idle
train_03690,walking
train_03691,running
train_03692,running
train_03693,walking
train_03694,walking
train_03695,running
train_03696,idle
train_03697,running
train_03698,running
train_03699,running
train_03700,idle
train_03701,running
train_03702,walking
train_03703,running
train_03704,idle
train_03705,walking
train_03706,idle
train_03707,running
train_03708,running
train_03709,walking
train_03710,walking
train_03711,walking
train_03712,idle
train_03713,running
train_03714,idle
train_03715,idle
train_03716,walking
train_03717,running
train_03718,walking
train_03719,idle
train_03720,running
train_03721,idle
train_03722,walking
train_03723,stairs
train_03724,running
train_03725,walking
train_03726,walking
train_03727,running
train_03728,running
train_03729,stairs
train_03730,running
train_03731,running
train_03732,idle
train_03733,idle
train_03734,walking
train_03735,walking
train_03736,walking
train_03737,idle
train_03738,walking
train_03739,walking
train_03740,idle
train_03741,stairs
train_03742,idle
train_03743,running
train_03744,idle
train_03745,walking
train_03746,running
train_03747,running
train_03748,running
train_03749,running
train_03750,stairs
train_03751,running
train_03752,idle
train_03753,idle
train_03754,walking
train_03755,idle
train_03756,idle
train_03757,idle
train_03758,walking
train_03759,running
train_03760,running
train_03761,walking
train_03762,running
train_03763,running
train_03764,walking
train_03765,walking
train_03766,idle
train_03767,idle
train_03768,idle
train_03769,running
train_03770,walking
train_03771,running
train_03772,idle
train_03773,running
train_03774,running
train_03775,walking
train_03776,running
train_03777,walking
train_03778,walking
train_03779,walking
train_03780,running
train_03781,running
train_03782,idle
train_03783,walking
train_03784,running
train_03785,walking
train_03786,running
train_03787,running
train_03788,idle
train_03789,running
train_03790,walking
train_03791,running
train_03792,running
train_03793,idle
train_03794,idle
train_03795,walking
train_03796,running
train_03797,walking
train_03798,running
train_03799,running
train_03800,running
train_03801,idle
train_03802,idle
train_03803,idle
train_03804,running
train_03805,running
train_03806,running
train_03807,idle
train_03808,running
train_03809,running
train_03810,running
train_03811,running
train_03812,idle
train_03813,running
train_03814,walking
train_03815,running
train_03816,running
train_03817,running
train_03818,running
train_03819,running
train_03820,idle
train_03821,walking
train_03822,running
train_03823,walking
train_03824,running
train_03825,running
train_03826,running
train_03827,running
train_03828,idle
train_03829,walking
train_03830,walking
train_03831,running
train_03832,running
train_03833,idle
train_03834,walking
train_03835,walking
train_03836,running
train_03837,running
train_03838,running
train_03839,running
train_03840,running
train_03841,running
train_03842,running
train_03843,idle
train_03844,walking
train_03845,walking
train_03846,running
train_03847,walking
train_03848,running
train_03849,running
train_03850,idle
train_03851,running
train_03852,running
train_03853,walking
train_03854,running
train_03855,running
train_03856,idle
train_03857,running
train_03858,walking
train_03859,running
train_03860,walking
train_03861,walking
train_03862,running
train_03863,running
train_03864,walking
train_03865,running
train_03866,walking
train_03867,walking
train_03868,idle
train_03869,walking
train_03870,walking
train_03871,walking
train_03872,running
train_03873,walking
train_03874,running
train_03875,running
train_03876,running
train_03877,walking
train_03878,running
train_03879,running
train_03880,running
train_03881,running
train_03882,running
train_03883,idle
train_03884,walking
train_03885,idle
train_03886,walking
train_03887,walking
train_03888,walking
train_03889,walking
train_03890,running
train_03891,running
train_03892,walking
train_03893,idle
train_03894,walking
train_03895,running
train_03896,running
train_03897,idle
train_03898,walking
train_03899,walking
train_03900,walking
train_03901,running
train_03902,idle
train_03903,running
train_03904,idle
train_03905,idle
train_03906,running
train_03907,running
train_03908,idle
train_03909,running
train_03910,running
train_03911,running
train_03912,running
train_03913,walking
train_03914,walking
train_03915,walking
train_03916,running
train_03917,idle
train_03918,walking
train_03919,running
train_03920,running
train_03921,idle
train_03922,walking
train_03923,running
train_03924,walking
train_03925,walking
train_03926,walking
train_03927,idle
train_03928,walking
train_03929,idle
train_03930,walking
train_03931,running
train_03932,running
train_03933,walking
train_03934,idle
train_03935,running
train_03936,walking
train_03937,running
train_03938,running
train_03939,walking
train_03940,walking
train_03941,idle
train_03942,idle
train_03943,running
train_03944,idle
train_03945,walking
train_03946,running
train_03947,running
train_03948,walking
train_03949,walking
train_03950,running
train_03951,idle
train_03952,idle
train_03953,idle
train_03954,running
train_03955,idle
train_03956,running
train_03957,running
train_03958,stairs
train_03959,walking
train_03960,running
train_03961,running
train_03962,walking
train_03963,idle
train_03964,walking
train_03965,idle
train_03966,running
train_03967,running
train_03968,idle
train_03969,running
train_03970,stairs
train_03971,walking
train_03972,running
train_03973,walking
train_03974,running
train_03975,walking
train_03976,running
train_03977,running
train_03978,running
train_03979,running
train_03980,idle
train_03981,walking
train_03982,running
train_03983,running
train_03984,idle
train_03985,running
train_03986,running
train_03987,running
train_03988,running
train_03989,walking
train_03990,stairs
train_03991,running
train_03992,running
train_03993,walking
train_03994,idle
train_03995,running
train_03996,idle
train_03997,running
train_03998,walking
train_03999,running
train_04000,idle
train_04001,idle
train_04002,walking
train_04003,walking
train_04004,running
train_04005,walking
train_04006,walking
train_04007,running
train_04008,walking
train_04009,running
train_04010,running
train_04011,walking
train_04012,idle
train_04013,idle
train_04014,running
train_04015,running
train_04016,running
train_04017,running
train_04018,running
train_04019,idle
train_04020,running
train_04021,idle
train_04022,idle
train_04023,walking
train_04024,running
train_04025,walking
train_04026,running
train_04027,walking
train_04028,walking
train_04029,walking
train_04030,running
train_04031,running
train_04032,walking
train_04033,walking
train_04034,running
train_04035,stairs
train_04036,idle
train_04037,running
train_04038,walking
train_04039,running
train_04040,running
train_04041,running
train_04042,walking
train_04043,walking
train_04044,running
train_04045,running
train_04046,running
train_04047,walking
train_04048,running
train_04049,running
train_04050,running
train_04051,idle
train_04052,idle
train_04053,walking
train_04054,running
train_04055,running
train_04056,walking
train_04057,walking
train_04058,running
train_04059,running
train_04060,walking
train_04061,running
train_04062,running
train_04063,walking
train_04064,running
train_04065,walking
train_04066,walking
train_04067,running
train_04068,running
train_04069,walking
train_04070,idle
train_04071,running
train_04072,running
train_04073,walking
train_04074,idle
train_04075,idle
train_04076,walking
train_04077,running
train_04078,running
train_04079,running
train_04080,walking
train_04081,running
train_04082,running
train_04083,walking
train_04084,running
train_04085,walking
train_04086,walking
train_04087,running
train_04088,idle
train_04089,walking
train_04090,running
train_04091,running
train_04092,running
train_04093,walking
train_04094,idle
train_04095,running
train_04096,idle
train_04097,running
train_04098,walking
train_04099,running
train_04100,running
train_04101,running
train_04102,running
train_04103,running
train_04104,idle
train_04105,walking
train_04106,walking
train_04107,running
train_04108,idle
train_04109,running
train_04110,running
train_04111,running
train_04112,running
train_04113,walking
train_04114,running
train_04115,walking
train_04116,walking
train_04117,idle
train_04118,walking
train_04119,walking
train_04120,walking
train_04121,walking
train_04122,running
train_04123,walking
train_04124,running
train_04125,idle
train_04126,walking
train_04127,walking
train_04128,running
train_04129,running
train_04130,running
train_04131,walking
train_04132,running
train_04133,running
train_04134,stairs
train_04135,running
train_04136,running
train_04137,running
train_04138,walking
train_04139,running
train_04140,running
train_04141,running
train_04142,running
train_04143,idle
train_04144,walking
train_04145,walking
train_04146,running
train_04147,walking
train_04148,walking
train_04149,running
train_04150,walking
train_04151,idle
train_04152,idle
train_04153,running
train_04154,running
train_04155,running
train_04156,running
train_04157,walking
train_04158,running
train_04159,idle
train_04160,running
train_04161,walking
train_04162,running
train_04163,running
train_04164,walking
train_04165,running
train_04166,idle
train_04167,running
train_04168,stairs
train_04169,walking
train_04170,idle
train_04171,idle
train_04172,running
train_04173,idle
train_04174,running
train_04175,walking
train_04176,walking
train_04177,running
train_04178,running
train_04179,running
train_04180,running
train_04181,walking
train_04182,idle
train_04183,walking
train_04184,running
train_04185,idle
train_04186,walking
train_04187,walking
train_04188,walking
train_04189,walking
train_04190,running
train_04191,walking
train_04192,running
train_04193,running
train_04194,running
train_04195,walking
train_04196,idle
train_04197,walking
train_04198,running
train_04199,walking
train_04200,walking
train_04201,walking
train_04202,running
train_04203,walking
train_04204,running
train_04205,running
train_04206,running
train_04207,running
train_04208,running
train_04209,walking
train_04210,idle
train_04211,idle
train_04212,walking
train_04213,idle
train_04214,running
train_04215,running
train_04216,running
train_04217,running
train_04218,running
train_04219,idle
train_04220,walking
train_04221,running
train_04222,running
train_04223,stairs
train_04224,running
train_04225,idle
train_04226,running
train_04227,running
train_04228,idle
train_04229,running
train_04230,walking
train_04231,idle
train_04232,idle
train_04233,running
train_04234,stairs
train_04235,running
train_04236,stairs
train_04237,walking
train_04238,running
train_04239,stairs
train_04240,running
train_04241,idle
train_04242,running
train_04243,running
train_04244,running
train_04245,running
train_04246,walking
train_04247,running
train_04248,idle
train_04249,idle
train_04250,walking
train_04251,running
train_04252,running
train_04253,running
train_04254,running
train_04255,walking
train_04256,running
train_04257,idle
train_04258,running
train_04259,walking
train_04260,running
train_04261,running
train_04262,running
train_04263,running
train_04264,idle
train_04265,idle
train_04266,running
train_04267,running
train_04268,running
train_04269,idle
train_04270,running
train_04271,running
train_04272,idle
train_04273,running
train_04274,running
train_04275,walking
train_04276,running
train_04277,running
train_04278,running
train_04279,running
train_04280,running
train_04281,walking
train_04282,walking
train_04283,idle
train_04284,running
train_04285,walking
train_04286,idle
train_04287,running
train_04288,running
train_04289,walking
train_04290,walking
train_04291,walking
train_04292,running
train_04293,running
train_04294,idle
train_04295,running
train_04296,running
train_04297,walking
train_04298,running
train_04299,walking
train_04300,walking
train_04301,idle
train_04302,idle
train_04303,walking
train_04304,running
train_04305,running
train_04306,running
train_04307,running
train_04308,walking
train_04309,running
train_04310,walking
train_04311,walking
train_04312,running
train_04313,running
train_04314,idle
train_04315,walking
train_04316,running
train_04317,running
train_04318,running
train_04319,running
train_04320,idle
train_04321,running
train_04322,idle
train_04323,running
train_04324,stairs
train_04325,running
train_04326,running
train_04327,running
train_04328,walking
train_04329,running
train_04330,idle
train_04331,idle
train_04332,running
train_04333,stairs
train_04334,running
train_04335,running
train_04336,running
train_04337,walking
train_04338,running
train_04339,walking
train_04340,running
train_04341,running
train_04342,idle
train_04343,running
train_04344,walking
train_04345,running
train_04346,idle
train_04347,running
train_04348,idle
train_04349,running
train_04350,running
train_04351,running
train_04352,running
train_04353,running
train_04354,running
train_04355,running
train_04356,walking
train_04357,walking
train_04358,idle
train_04359,running
train_04360,idle
train_04361,running
train_04362,running
train_04363,walking
train_04364,walking
train_04365,walking
train_04366,running
train_04367,running
train_04368,idle
train_04369,running
train_04370,walking
train_04371,running
train_04372,walking
train_04373,running
train_04374,walking
train_04375,idle
train_04376,idle
train_04377,running
train_04378,walking
train_04379,running
train_04380,idle
train_04381,walking
train_04382,walking
train_04383,running
train_04384,running
train_04385,walking
train_04386,idle
train_04387,walking
train_04388,walking
train_04389,walking
train_04390,idle
train_04391,running
train_04392,running
train_04393,running
train_04394,walking
train_04395,idle
train_04396,idle
train_04397,idle
train_04398,walking
train_04399,walking
train_04400,idle
train_04401,running
train_04402,walking
train_04403,idle
train_04404,running
train_04405,running
train_04406,walking
train_04407,running
train_04408,running
train_04409,running
train_04410,running
train_04411,running
train_04412,running
train_04413,running
train_04414,running
train_04415,walking
train_04416,running
train_04417,walking
train_04418,running
train_04419,walking
train_04420,idle
train_04421,running
train_04422,running
train_04423,running
train_04424,walking
train_04425,walking
train_04426,walking
train_04427,idle
train_04428,idle
train_04429,running
train_04430,walking
train_04431,running
train_04432,walking
train_04433,walking
train_04434,idle
train_04435,running
train_04436,running
train_04437,running
train_04438,running
train_04439,walking
train_04440,running
train_04441,running
train_04442,walking
train_04443,walking
train_04444,idle
train_04445,running
train_04446,walking
train_04447,running
train_04448,idle
train_04449,running
train_04450,running
train_04451,running
train_04452,running
train_04453,walking
train_04454,walking
train_04455,running
train_04456,running
train_04457,running
train_04458,walking
train_04459,walking
train_04460,walking
train_04461,running
train_04462,running
train_04463,running
train_04464,running
train_04465,running
train_04466,running
train_04467,idle
train_04468,running
train_04469,running
train_04470,walking
train_04471,idle
train_04472,walking
train_04473,walking
train_04474,running
train_04475,running
train_04476,walking
train_04477,idle
train_04478,running
train_04479,running
train_04480,running
train_04481,walking
train_04482,walking
train_04483,walking
train_04484,running
train_04485,idle
train_04486,walking
train_04487,walking
train_04488,idle
train_04489,walking
train_04490,running
train_04491,running
train_04492,walking
train_04493,walking
train_04494,running
train_04495,idle
train_04496,walking
train_04497,walking
train_04498,running
train_04499,idle
train_04500,walking
train_04501,running
train_04502,running
train_04503,running
train_04504,running
train_04505,running
train_04506,walking
train_04507,running
train_04508,walking
train_04509,idle
train_04510,running
train_04511,stairs
train_04512,walking
train_04513,running
train_04514,idle
train_04515,walking
train_04516,walking
train_04517,idle
train_04518,walking
train_04519,running
train_04520,idle
train_04521,idle
train_04522,idle
